<?xml version="1.0" encoding="UTF-8"?>
<beans xmlns="http://www.springframework.org/schema/beans"
       xmlns:xsi="http://www.w3.org/2001/XMLSchema-instance" 
       xsi:schemaLocation="http://www.springframework.org/schema/beans 
                http://www.springframework.org/schema/beans/spring-beans.xsd" 
       default-init-method="initMe"
       default-destroy-method="destroyMe" >
    
    <bean name="jobsTopic" class="org.apache.activemq.command.ActiveMQTopic">
        <constructor-arg value="topic.JOBS" />
    </bean> 
    <bean name="jobsReceiver" class="com.madhusudhan.jscore.jms.sub.JobsReceiver">
        <property name="destinationName" value="topic.STUDENTS"/>
        <property name="jmsTemplate" ref="jmsTemplate"/>
    </bean>
    
    <bean id="jmsTemplate" class="org.springframework.jms.core.JmsTemplate">
        <property name="connectionFactory" ref="connectionFactory" />
        <property name="pubSubDomain" value="true"/>
        <property name="receiveTimeout" value="2000" />
    </bean>
    
   
    <bean id="connectionFactory" class="org.apache.activemq.ActiveMQConnectionFactory">
        <property name="brokerURL" value="tcp://localhost:61616" />
    </bean>
	
    
</beans>
