<?xml version="1.0" encoding="UTF-8"?>
<beans xmlns="http://www.springframework.org/schema/beans"
       xmlns:xsi="http://www.w3.org/2001/XMLSchema-instance" 
       xsi:schemaLocation="http://www.springframework.org/schema/beans 
                http://www.springframework.org/schema/beans/spring-beans.xsd">
  
    <bean name="accountPublisher" class="com.madhusudhan.jscore.jms.convert.AccountPublisher">
        <property name="jmsTemplate" ref="jmsTemplate"/>
    </bean>
    
    <bean name="accountReceiver" class="com.madhusudhan.jscore.jms.convert.AccountReceiver">
        <property name="jmsTemplate" ref="jmsTemplate"/>
    </bean>
    <bean id="accountConverter" class="com.madhusudhan.jscore.jms.convert.AccountConverter"/>
      
    <bean id="destination" class="org.apache.activemq.command.ActiveMQTopic">
        <constructor-arg value="ACCOUNTS" />
    </bean>
    
    <bean id="jmsTemplate" class="org.springframework.jms.core.JmsTemplate">
        <property name="defaultDestination" ref="destination" />
        <property name="messageConverter" ref="accountConverter"/>
        <property name="connectionFactory" ref="connectionFactory" />
        <property name="pubSubDomain" value="true"/>
    </bean>
    <bean id="connectionFactory" class="org.apache.activemq.ActiveMQConnectionFactory">
        <property name="brokerURL" value="tcp://localhost:61616" />
    </bean>
	
    
</beans>
