<?xml version="1.0" encoding="UTF-8"?>
<beans xmlns="http://www.springframework.org/schema/beans"
       xmlns:xsi="http://www.w3.org/2001/XMLSchema-instance" 
       xsi:schemaLocation="http://www.springframework.org/schema/beans 
                http://www.springframework.org/schema/beans/spring-beans.xsd" 
       default-init-method="initMe"
       default-destroy-method="destroyMe" >
    
    <bean name="tradePublisher" class="com.madhusudhan.jscore.jms.TradePublisher">
        <property name="jmsTemplate" ref="jmsTemplate"/>
    </bean>
    
    <bean id="jmsTemplate" class="org.springframework.jms.core.JmsTemplate">
        <property name="connectionFactory" ref="connectionFactory" />
    </bean>
    
    <bean id="connectionFactory" class="org.apache.activemq.ActiveMQConnectionFactory">
        <property name="brokerURL" value="tcp://localhost:61616" />
    </bean>
	
    
</beans>
